BEGIN;

-- SQL populate script generated from JPA entities
-- Project: anagrafica radiologica

SET session_replication_role = 'replica';

DELETE FROM contenitori_closure;
DELETE FROM apparecchiature;
DELETE FROM contenitori;
DELETE FROM organizzazioni;

SET session_replication_role = 'origin';

-- organizzazioni
INSERT INTO organizzazioni (id, nome) VALUES
('OR0000000001', 'ASL Roma 1'),
('OR0000000002', 'AOU Policlinico Umberto I'),
('OR0000000003', 'IRCCS Ospedale San Raffaele'),
('OR0000000004', 'Ospedale Niguarda (Milano)'),
('OR0000000005', 'Azienda Ospedaliera Universitaria Careggi (Firenze)'),
('OR0000000006', 'ASST Papa Giovanni XXIII (Bergamo)');

-- contenitori
INSERT INTO contenitori (id, nome, organizzazione_id, parent_id) VALUES
('CO0000000001', 'Radiologia - Sede 1', 'OR0000000001', NULL),
('CO0000000002', 'Accettazione', 'OR0000000001', 'CO0000000001'),
('CO0000000003', 'Sala Refertazione', 'OR0000000001', 'CO0000000001'),
('CO0000000004', 'Magazzino', 'OR0000000001', 'CO0000000001'),
('CO0000000005', 'Diagnostica per Immagini', 'OR0000000001', 'CO0000000001'),
('CO0000000006', 'Sala TAC', 'OR0000000001', 'CO0000000005'),
('CO0000000007', 'Sala RM', 'OR0000000001', 'CO0000000005'),
('CO0000000008', 'Sala RX', 'OR0000000001', 'CO0000000005'),
('CO0000000009', 'Sala Ecografia', 'OR0000000001', 'CO0000000005'),
('CO0000000010', 'Sala Mammografia', 'OR0000000001', 'CO0000000005'),
('CO0000000011', 'Radiologia - Sede 2', 'OR0000000002', NULL),
('CO0000000012', 'Accettazione', 'OR0000000002', 'CO0000000011'),
('CO0000000013', 'Sala Refertazione', 'OR0000000002', 'CO0000000011'),
('CO0000000014', 'Magazzino', 'OR0000000002', 'CO0000000011'),
('CO0000000015', 'Diagnostica per Immagini', 'OR0000000002', 'CO0000000011'),
('CO0000000016', 'Sala TAC', 'OR0000000002', 'CO0000000015'),
('CO0000000017', 'Sala RM', 'OR0000000002', 'CO0000000015'),
('CO0000000018', 'Sala RX', 'OR0000000002', 'CO0000000015'),
('CO0000000019', 'Sala Ecografia', 'OR0000000002', 'CO0000000015'),
('CO0000000020', 'Sala Mammografia', 'OR0000000002', 'CO0000000015'),
('CO0000000021', 'Radiologia - Sede 3', 'OR0000000003', NULL),
('CO0000000022', 'Accettazione', 'OR0000000003', 'CO0000000021'),
('CO0000000023', 'Sala Refertazione', 'OR0000000003', 'CO0000000021'),
('CO0000000024', 'Magazzino', 'OR0000000003', 'CO0000000021'),
('CO0000000025', 'Diagnostica per Immagini', 'OR0000000003', 'CO0000000021'),
('CO0000000026', 'Sala TAC', 'OR0000000003', 'CO0000000025'),
('CO0000000027', 'Sala RM', 'OR0000000003', 'CO0000000025'),
('CO0000000028', 'Sala RX', 'OR0000000003', 'CO0000000025'),
('CO0000000029', 'Sala Ecografia', 'OR0000000003', 'CO0000000025'),
('CO0000000030', 'Sala Mammografia', 'OR0000000003', 'CO0000000025'),
('CO0000000031', 'Radiologia - Sede 4', 'OR0000000004', NULL),
('CO0000000032', 'Accettazione', 'OR0000000004', 'CO0000000031'),
('CO0000000033', 'Sala Refertazione', 'OR0000000004', 'CO0000000031'),
('CO0000000034', 'Magazzino', 'OR0000000004', 'CO0000000031'),
('CO0000000035', 'Diagnostica per Immagini', 'OR0000000004', 'CO0000000031'),
('CO0000000036', 'Sala TAC', 'OR0000000004', 'CO0000000035'),
('CO0000000037', 'Sala RM', 'OR0000000004', 'CO0000000035'),
('CO0000000038', 'Sala RX', 'OR0000000004', 'CO0000000035'),
('CO0000000039', 'Sala Ecografia', 'OR0000000004', 'CO0000000035'),
('CO0000000040', 'Sala Mammografia', 'OR0000000004', 'CO0000000035'),
('CO0000000041', 'Radiologia - Sede 5', 'OR0000000005', NULL),
('CO0000000042', 'Accettazione', 'OR0000000005', 'CO0000000041'),
('CO0000000043', 'Sala Refertazione', 'OR0000000005', 'CO0000000041'),
('CO0000000044', 'Magazzino', 'OR0000000005', 'CO0000000041'),
('CO0000000045', 'Diagnostica per Immagini', 'OR0000000005', 'CO0000000041'),
('CO0000000046', 'Sala TAC', 'OR0000000005', 'CO0000000045'),
('CO0000000047', 'Sala RM', 'OR0000000005', 'CO0000000045'),
('CO0000000048', 'Sala RX', 'OR0000000005', 'CO0000000045'),
('CO0000000049', 'Sala Ecografia', 'OR0000000005', 'CO0000000045'),
('CO0000000050', 'Sala Mammografia', 'OR0000000005', 'CO0000000045'),
('CO0000000051', 'Radiologia - Sede 6', 'OR0000000006', NULL),
('CO0000000052', 'Accettazione', 'OR0000000006', 'CO0000000051'),
('CO0000000053', 'Sala Refertazione', 'OR0000000006', 'CO0000000051'),
('CO0000000054', 'Magazzino', 'OR0000000006', 'CO0000000051'),
('CO0000000055', 'Diagnostica per Immagini', 'OR0000000006', 'CO0000000051'),
('CO0000000056', 'Sala TAC', 'OR0000000006', 'CO0000000055'),
('CO0000000057', 'Sala RM', 'OR0000000006', 'CO0000000055'),
('CO0000000058', 'Sala RX', 'OR0000000006', 'CO0000000055'),
('CO0000000059', 'Sala Ecografia', 'OR0000000006', 'CO0000000055'),
('CO0000000060', 'Sala Mammografia', 'OR0000000006', 'CO0000000055');

-- apparecchiature
INSERT INTO apparecchiature (id, nome, tipologia, numero_di_serie, data_installazione, organizzazione_id, contenitore_id) VALUES
('AP0000000001', 'Philips Incisive CT TAC #1', 'TAC', 'TA-001002', '2016-04-12', 'OR0000000001', 'CO0000000006'),
('AP0000000002', 'Philips Incisive CT TAC #2', 'TAC', 'TA-001015', '2018-09-30', 'OR0000000001', 'CO0000000006'),
('AP0000000003', 'Siemens Magnetom RISONANZA #1', 'RISONANZA', 'RI-001003', '2017-02-23', 'OR0000000001', 'CO0000000007'),
('AP0000000004', 'Philips Ingenia RISONANZA #2', 'RISONANZA', 'RI-001019', '2016-12-22', 'OR0000000001', 'CO0000000007'),
('AP0000000005', 'Siemens Ysio RX #1', 'RX', 'RX-001007', '2016-05-10', 'OR0000000001', 'CO0000000008'),
('AP0000000006', 'Carestream DRX RX #2', 'RX', 'RX-001012', '2018-06-14', 'OR0000000001', 'CO0000000008'),
('AP0000000007', 'Hologic Selenia MAMMOGRAFO #1', 'MAMMOGRAFO', 'MA-001009', '2022-10-01', 'OR0000000001', 'CO0000000010'),
('AP0000000008', 'Hologic Selenia MAMMOGRAFO #2', 'MAMMOGRAFO', 'MA-001019', '2018-03-25', 'OR0000000001', 'CO0000000010'),
('AP0000000009', 'Samsung HS ECOGRAFO #1', 'ECOGRAFO', 'EC-001009', '2020-09-14', 'OR0000000001', 'CO0000000009'),
('AP0000000010', 'GE Logiq ECOGRAFO #2', 'ECOGRAFO', 'EC-001018', '2022-08-10', 'OR0000000001', 'CO0000000009'),
('AP0000000011', 'GE Revolution TAC #1', 'TAC', 'TA-002001', '2017-10-15', 'OR0000000002', 'CO0000000016'),
('AP0000000012', 'Philips Incisive CT TAC #2', 'TAC', 'TA-002017', '2019-10-25', 'OR0000000002', 'CO0000000016'),
('AP0000000013', 'GE Signa RISONANZA #1', 'RISONANZA', 'RI-002003', '2018-05-31', 'OR0000000002', 'CO0000000017'),
('AP0000000014', 'GE Signa RISONANZA #2', 'RISONANZA', 'RI-002012', '2017-01-14', 'OR0000000002', 'CO0000000017'),
('AP0000000015', 'Philips DigitalDiagnost RX #1', 'RX', 'RX-002002', '2020-01-10', 'OR0000000002', 'CO0000000018'),
('AP0000000016', 'Philips DigitalDiagnost RX #2', 'RX', 'RX-002015', '2016-06-26', 'OR0000000002', 'CO0000000018'),
('AP0000000017', 'Siemens Mammomat MAMMOGRAFO #1', 'MAMMOGRAFO', 'MA-002008', '2022-01-05', 'OR0000000002', 'CO0000000020'),
('AP0000000018', 'Hologic Selenia MAMMOGRAFO #2', 'MAMMOGRAFO', 'MA-002017', '2016-11-18', 'OR0000000002', 'CO0000000020'),
('AP0000000019', 'Samsung HS ECOGRAFO #1', 'ECOGRAFO', 'EC-002005', '2023-01-18', 'OR0000000002', 'CO0000000019'),
('AP0000000020', 'Samsung HS ECOGRAFO #2', 'ECOGRAFO', 'EC-002016', '2022-06-22', 'OR0000000002', 'CO0000000019'),
('AP0000000021', 'Siemens Somatom TAC #1', 'TAC', 'TA-003002', '2016-07-06', 'OR0000000003', 'CO0000000026'),
('AP0000000022', 'Philips Incisive CT TAC #2', 'TAC', 'TA-003014', '2019-03-31', 'OR0000000003', 'CO0000000026'),
('AP0000000023', 'Siemens Magnetom RISONANZA #1', 'RISONANZA', 'RI-003004', '2017-02-17', 'OR0000000003', 'CO0000000027'),
('AP0000000024', 'GE Signa RISONANZA #2', 'RISONANZA', 'RI-003015', '2021-01-31', 'OR0000000003', 'CO0000000027'),
('AP0000000025', 'Siemens Ysio RX #1', 'RX', 'RX-003006', '2017-10-28', 'OR0000000003', 'CO0000000028'),
('AP0000000026', 'Philips DigitalDiagnost RX #2', 'RX', 'RX-003016', '2018-05-08', 'OR0000000003', 'CO0000000028'),
('AP0000000027', 'Siemens Mammomat MAMMOGRAFO #1', 'MAMMOGRAFO', 'MA-003005', '2023-11-14', 'OR0000000003', 'CO0000000030'),
('AP0000000028', 'Siemens Mammomat MAMMOGRAFO #2', 'MAMMOGRAFO', 'MA-003012', '2022-10-31', 'OR0000000003', 'CO0000000030'),
('AP0000000029', 'Samsung HS ECOGRAFO #1', 'ECOGRAFO', 'EC-003003', '2021-12-27', 'OR0000000003', 'CO0000000029'),
('AP0000000030', 'Samsung HS ECOGRAFO #2', 'ECOGRAFO', 'EC-003014', '2017-10-31', 'OR0000000003', 'CO0000000029'),
('AP0000000031', 'GE Revolution TAC #1', 'TAC', 'TA-004007', '2019-01-10', 'OR0000000004', 'CO0000000036'),
('AP0000000032', 'Philips Incisive CT TAC #2', 'TAC', 'TA-004019', '2018-06-18', 'OR0000000004', 'CO0000000036'),
('AP0000000033', 'Philips Ingenia RISONANZA #1', 'RISONANZA', 'RI-004006', '2016-08-17', 'OR0000000004', 'CO0000000037'),
('AP0000000034', 'Siemens Magnetom RISONANZA #2', 'RISONANZA', 'RI-004011', '2019-07-16', 'OR0000000004', 'CO0000000037'),
('AP0000000035', 'Philips DigitalDiagnost RX #1', 'RX', 'RX-004005', '2016-09-28', 'OR0000000004', 'CO0000000038'),
('AP0000000036', 'Carestream DRX RX #2', 'RX', 'RX-004016', '2018-05-20', 'OR0000000004', 'CO0000000038'),
('AP0000000037', 'Siemens Mammomat MAMMOGRAFO #1', 'MAMMOGRAFO', 'MA-004008', '2020-06-08', 'OR0000000004', 'CO0000000040'),
('AP0000000038', 'Siemens Mammomat MAMMOGRAFO #2', 'MAMMOGRAFO', 'MA-004018', '2017-08-08', 'OR0000000004', 'CO0000000040'),
('AP0000000039', 'Philips EPIQ ECOGRAFO #1', 'ECOGRAFO', 'EC-004003', '2018-10-07', 'OR0000000004', 'CO0000000039'),
('AP0000000040', 'Samsung HS ECOGRAFO #2', 'ECOGRAFO', 'EC-004019', '2022-01-16', 'OR0000000004', 'CO0000000039'),
('AP0000000041', 'GE Revolution TAC #1', 'TAC', 'TA-005007', '2022-07-18', 'OR0000000005', 'CO0000000046'),
('AP0000000042', 'GE Revolution TAC #2', 'TAC', 'TA-005016', '2018-06-17', 'OR0000000005', 'CO0000000046'),
('AP0000000043', 'Siemens Magnetom RISONANZA #1', 'RISONANZA', 'RI-005009', '2021-07-14', 'OR0000000005', 'CO0000000047'),
('AP0000000044', 'Siemens Magnetom RISONANZA #2', 'RISONANZA', 'RI-005011', '2017-03-25', 'OR0000000005', 'CO0000000047'),
('AP0000000045', 'Carestream DRX RX #1', 'RX', 'RX-005003', '2023-08-19', 'OR0000000005', 'CO0000000048'),
('AP0000000046', 'Philips DigitalDiagnost RX #2', 'RX', 'RX-005012', '2020-04-25', 'OR0000000005', 'CO0000000048'),
('AP0000000047', 'GE Senographe MAMMOGRAFO #1', 'MAMMOGRAFO', 'MA-005008', '2021-12-07', 'OR0000000005', 'CO0000000050'),
('AP0000000048', 'GE Senographe MAMMOGRAFO #2', 'MAMMOGRAFO', 'MA-005019', '2016-02-17', 'OR0000000005', 'CO0000000050'),
('AP0000000049', 'Samsung HS ECOGRAFO #1', 'ECOGRAFO', 'EC-005002', '2023-08-24', 'OR0000000005', 'CO0000000049'),
('AP0000000050', 'Samsung HS ECOGRAFO #2', 'ECOGRAFO', 'EC-005015', '2023-03-10', 'OR0000000005', 'CO0000000049'),
('AP0000000051', 'GE Revolution TAC #1', 'TAC', 'TA-006002', '2019-04-17', 'OR0000000006', 'CO0000000056'),
('AP0000000052', 'GE Revolution TAC #2', 'TAC', 'TA-006013', '2021-02-01', 'OR0000000006', 'CO0000000056'),
('AP0000000053', 'Siemens Magnetom RISONANZA #1', 'RISONANZA', 'RI-006005', '2021-08-12', 'OR0000000006', 'CO0000000057'),
('AP0000000054', 'Siemens Magnetom RISONANZA #2', 'RISONANZA', 'RI-006019', '2017-03-11', 'OR0000000006', 'CO0000000057'),
('AP0000000055', 'Siemens Ysio RX #1', 'RX', 'RX-006005', '2023-03-02', 'OR0000000006', 'CO0000000058'),
('AP0000000056', 'Siemens Ysio RX #2', 'RX', 'RX-006014', '2017-09-18', 'OR0000000006', 'CO0000000058'),
('AP0000000057', 'GE Senographe MAMMOGRAFO #1', 'MAMMOGRAFO', 'MA-006003', '2022-01-18', 'OR0000000006', 'CO0000000060'),
('AP0000000058', 'Siemens Mammomat MAMMOGRAFO #2', 'MAMMOGRAFO', 'MA-006011', '2022-09-19', 'OR0000000006', 'CO0000000060'),
('AP0000000059', 'Philips EPIQ ECOGRAFO #1', 'ECOGRAFO', 'EC-006008', '2016-03-20', 'OR0000000006', 'CO0000000059'),
('AP0000000060', 'GE Logiq ECOGRAFO #2', 'ECOGRAFO', 'EC-006016', '2019-06-13', 'OR0000000006', 'CO0000000059');

-- contenitori_closure
INSERT INTO contenitori_closure (ancestor_id, descendant_id, depth) VALUES
('CO0000000001', 'CO0000000001', 0),
('CO0000000002', 'CO0000000002', 0),
('CO0000000001', 'CO0000000002', 1),
('CO0000000003', 'CO0000000003', 0),
('CO0000000001', 'CO0000000003', 1),
('CO0000000004', 'CO0000000004', 0),
('CO0000000001', 'CO0000000004', 1),
('CO0000000005', 'CO0000000005', 0),
('CO0000000001', 'CO0000000005', 1),
('CO0000000006', 'CO0000000006', 0),
('CO0000000005', 'CO0000000006', 1),
('CO0000000001', 'CO0000000006', 2),
('CO0000000007', 'CO0000000007', 0),
('CO0000000005', 'CO0000000007', 1),
('CO0000000001', 'CO0000000007', 2),
('CO0000000008', 'CO0000000008', 0),
('CO0000000005', 'CO0000000008', 1),
('CO0000000001', 'CO0000000008', 2),
('CO0000000009', 'CO0000000009', 0),
('CO0000000005', 'CO0000000009', 1),
('CO0000000001', 'CO0000000009', 2),
('CO0000000010', 'CO0000000010', 0),
('CO0000000005', 'CO0000000010', 1),
('CO0000000001', 'CO0000000010', 2),
('CO0000000011', 'CO0000000011', 0),
('CO0000000012', 'CO0000000012', 0),
('CO0000000011', 'CO0000000012', 1),
('CO0000000013', 'CO0000000013', 0),
('CO0000000011', 'CO0000000013', 1),
('CO0000000014', 'CO0000000014', 0),
('CO0000000011', 'CO0000000014', 1),
('CO0000000015', 'CO0000000015', 0),
('CO0000000011', 'CO0000000015', 1),
('CO0000000016', 'CO0000000016', 0),
('CO0000000015', 'CO0000000016', 1),
('CO0000000011', 'CO0000000016', 2),
('CO0000000017', 'CO0000000017', 0),
('CO0000000015', 'CO0000000017', 1),
('CO0000000011', 'CO0000000017', 2),
('CO0000000018', 'CO0000000018', 0),
('CO0000000015', 'CO0000000018', 1),
('CO0000000011', 'CO0000000018', 2),
('CO0000000019', 'CO0000000019', 0),
('CO0000000015', 'CO0000000019', 1),
('CO0000000011', 'CO0000000019', 2),
('CO0000000020', 'CO0000000020', 0),
('CO0000000015', 'CO0000000020', 1),
('CO0000000011', 'CO0000000020', 2),
('CO0000000021', 'CO0000000021', 0),
('CO0000000022', 'CO0000000022', 0),
('CO0000000021', 'CO0000000022', 1),
('CO0000000023', 'CO0000000023', 0),
('CO0000000021', 'CO0000000023', 1),
('CO0000000024', 'CO0000000024', 0),
('CO0000000021', 'CO0000000024', 1),
('CO0000000025', 'CO0000000025', 0),
('CO0000000021', 'CO0000000025', 1),
('CO0000000026', 'CO0000000026', 0),
('CO0000000025', 'CO0000000026', 1),
('CO0000000021', 'CO0000000026', 2),
('CO0000000027', 'CO0000000027', 0),
('CO0000000025', 'CO0000000027', 1),
('CO0000000021', 'CO0000000027', 2),
('CO0000000028', 'CO0000000028', 0),
('CO0000000025', 'CO0000000028', 1),
('CO0000000021', 'CO0000000028', 2),
('CO0000000029', 'CO0000000029', 0),
('CO0000000025', 'CO0000000029', 1),
('CO0000000021', 'CO0000000029', 2),
('CO0000000030', 'CO0000000030', 0),
('CO0000000025', 'CO0000000030', 1),
('CO0000000021', 'CO0000000030', 2),
('CO0000000031', 'CO0000000031', 0),
('CO0000000032', 'CO0000000032', 0),
('CO0000000031', 'CO0000000032', 1),
('CO0000000033', 'CO0000000033', 0),
('CO0000000031', 'CO0000000033', 1),
('CO0000000034', 'CO0000000034', 0),
('CO0000000031', 'CO0000000034', 1),
('CO0000000035', 'CO0000000035', 0),
('CO0000000031', 'CO0000000035', 1),
('CO0000000036', 'CO0000000036', 0),
('CO0000000035', 'CO0000000036', 1),
('CO0000000031', 'CO0000000036', 2),
('CO0000000037', 'CO0000000037', 0),
('CO0000000035', 'CO0000000037', 1),
('CO0000000031', 'CO0000000037', 2),
('CO0000000038', 'CO0000000038', 0),
('CO0000000035', 'CO0000000038', 1),
('CO0000000031', 'CO0000000038', 2),
('CO0000000039', 'CO0000000039', 0),
('CO0000000035', 'CO0000000039', 1),
('CO0000000031', 'CO0000000039', 2),
('CO0000000040', 'CO0000000040', 0),
('CO0000000035', 'CO0000000040', 1),
('CO0000000031', 'CO0000000040', 2),
('CO0000000041', 'CO0000000041', 0),
('CO0000000042', 'CO0000000042', 0),
('CO0000000041', 'CO0000000042', 1),
('CO0000000043', 'CO0000000043', 0),
('CO0000000041', 'CO0000000043', 1),
('CO0000000044', 'CO0000000044', 0),
('CO0000000041', 'CO0000000044', 1),
('CO0000000045', 'CO0000000045', 0),
('CO0000000041', 'CO0000000045', 1),
('CO0000000046', 'CO0000000046', 0),
('CO0000000045', 'CO0000000046', 1),
('CO0000000041', 'CO0000000046', 2),
('CO0000000047', 'CO0000000047', 0),
('CO0000000045', 'CO0000000047', 1),
('CO0000000041', 'CO0000000047', 2),
('CO0000000048', 'CO0000000048', 0),
('CO0000000045', 'CO0000000048', 1),
('CO0000000041', 'CO0000000048', 2),
('CO0000000049', 'CO0000000049', 0),
('CO0000000045', 'CO0000000049', 1),
('CO0000000041', 'CO0000000049', 2),
('CO0000000050', 'CO0000000050', 0),
('CO0000000045', 'CO0000000050', 1),
('CO0000000041', 'CO0000000050', 2),
('CO0000000051', 'CO0000000051', 0),
('CO0000000052', 'CO0000000052', 0),
('CO0000000051', 'CO0000000052', 1),
('CO0000000053', 'CO0000000053', 0),
('CO0000000051', 'CO0000000053', 1),
('CO0000000054', 'CO0000000054', 0),
('CO0000000051', 'CO0000000054', 1),
('CO0000000055', 'CO0000000055', 0),
('CO0000000051', 'CO0000000055', 1),
('CO0000000056', 'CO0000000056', 0),
('CO0000000055', 'CO0000000056', 1),
('CO0000000051', 'CO0000000056', 2),
('CO0000000057', 'CO0000000057', 0),
('CO0000000055', 'CO0000000057', 1),
('CO0000000051', 'CO0000000057', 2),
('CO0000000058', 'CO0000000058', 0),
('CO0000000055', 'CO0000000058', 1),
('CO0000000051', 'CO0000000058', 2),
('CO0000000059', 'CO0000000059', 0),
('CO0000000055', 'CO0000000059', 1),
('CO0000000051', 'CO0000000059', 2),
('CO0000000060', 'CO0000000060', 0),
('CO0000000055', 'CO0000000060', 1),
('CO0000000051', 'CO0000000060', 2);

COMMIT;
